{"temp": {"Linear_Regression": {"train_rmse": 0.01357551676106152, "train_r2": 0.9932324138966794, "train_mse": 0.00018429465532986228, "train_mae": 0.0076539669818726, "test_rmse": 0.02991971029793884, "test_r2": 0.9654111919605216, "test_mse": 0.0008951890643125875, "test_mae": 0.02170521208576193}, "Decision_Tree": {"train_rmse": 0.003710358026280512, "train_r2": 0.9994944633036148, "train_mse": 1.3766756683184217e-05, "train_mae": 0.0017414177404579357, "test_rmse": 0.05483739776671342, "test_r2": 0.8838084611859335, "test_mse": 0.0030071401938247455, "test_mae": 0.03983392743620198}, "Random_Forest": {"train_rmse": 0.008150893285875777, "train_r2": 0.9975603278761106, "train_mse": 6.643706135773483e-05, "train_mae": 0.0044998377138537726, "test_rmse": 0.042930713143127096, "test_r2": 0.9287873686423601, "test_mse": 0.0018430461309774655, "test_mae": 0.03018785133552892}, "XGBoost": {"train_rmse": 0.01516112536333011, "train_r2": 0.9915591938385374, "train_mse": 0.00022985972228261158, "train_mae": 0.009537534349297569, "test_rmse": 0.043156401005505, "test_r2": 0.9280366673207073, "test_mse": 0.0018624749477479533, "test_mae": 0.03017738521759241}, "SVR": {"train_rmse": 0.013920025676460102, "train_r2": 0.9928845704652731, "train_mse": 0.00019376711483330851, "train_mae": 0.007987684538758305, "test_rmse": 0.027190681854848922, "test_r2": 0.9714332374573957, "test_mse": 0.0007393331797316103, "test_mae": 0.0202594335417324}, "KNN": {"train_rmse": 0.0, "train_r2": 1.0, "train_mse": 0.0, "train_mae": 0.0, "test_rmse": 0.14864345553728142, "test_r2": 0.14628597988989667, "test_mse": 0.022094876874063755, "test_mae": 0.10095276540947794}, "LSTM": {"train_rmse": 0.11677310427644934, "train_r2": 0.4992664388180924, "train_mse": 0.01363595788235851, "train_mae": 0.10916453383345914, "test_rmse": 0.03239498934444226, "test_r2": 0.9594513396260975, "test_mse": 0.0010494353346265275, "test_mae": 0.023836846069510267}, "MLP": {"train_rmse": 0.1171653748289678, "train_r2": 0.49589660550958137, "train_mse": 0.01372772505881252, "train_mae": 0.11137900437926931, "test_rmse": 0.03861817070095135, "test_r2": 0.9423758909417213, "test_mse": 0.0014913631082878174, "test_mae": 0.027884305120800847}}, "humidity": {"Linear_Regression": {"train_rmse": 0.010725130798996807, "train_r2": 0.9963525499577794, "train_mse": 0.0001150284306555899, "train_mae": 0.005960688165485833, "test_rmse": 0.012016727403464735, "test_r2": 0.9918121392240182, "test_mse": 0.00014440173748918032, "test_mae": 0.008200378440929641}, "Decision_Tree": {"train_rmse": 0.0091754010201617, "train_r2": 0.9973304733133338, "train_mse": 8.418798388078435e-05, "train_mae": 0.0042138364149037115, "test_rmse": 0.025087383732877288, "test_r2": 0.9643131039254816, "test_mse": 0.000629376822560636, "test_mae": 0.017231690733228673}, "Random_Forest": {"train_rmse": 0.0073582467655910104, "train_r2": 0.9982831480189449, "train_mse": 5.414379546333056e-05, "train_mae": 0.003295416064844429, "test_rmse": 0.017689893021177176, "test_r2": 0.9822561260487457, "test_mse": 0.000312932315100693, "test_mae": 0.012717115976860842}, "XGBoost": {"train_rmse": 0.005527577345860579, "train_r2": 0.9990311560892484, "train_mse": 3.055411131447109e-05, "train_mae": 0.0038709234151757446, "test_rmse": 0.01716207251520996, "test_r2": 0.9832991915104965, "test_mse": 0.0002945367330173251, "test_mae": 0.011821773410553613}, "SVR": {"train_rmse": 0.010759366370373205, "train_r2": 0.9963292268224765, "train_mse": 0.00011576396469191787, "train_mae": 0.005997947921668371, "test_rmse": 0.012053840002691591, "test_r2": 0.9917614861589357, "test_mse": 0.000145295058810488, "test_mae": 0.008256420069383883}, "KNN": {"train_rmse": 8.56897065111567e-09, "train_r2": 0.9999999999999977, "train_mse": 7.34272580196817e-17, "train_mae": 2.963235531178562e-09, "test_rmse": 0.13040054201943482, "test_r2": 0.03582287484280955, "test_mse": 0.017004301358962387, "test_mae": 0.09767524614689697}, "LSTM": {"train_rmse": 0.06501241951153156, "train_r2": 0.8659777774560732, "train_mse": 0.004226614690743368, "train_mae": 0.05213470207128137, "test_rmse": 0.01703788752263687, "test_r2": 0.9835400116174076, "test_mse": 0.0002902896112340251, "test_mae": 0.013148455128336045}, "MLP": {"train_rmse": 0.06550683239769352, "train_r2": 0.8639315754085023, "train_mse": 0.004291145090779509, "train_mae": 0.05249330263194401, "test_rmse": 0.016342270168758787, "test_r2": 0.9848566206268392, "test_mse": 0.00026706979426870337, "test_mae": 0.011953978969177674}}, "light": {"Linear_Regression": {"train_rmse": 0.02097897813021943, "train_r2": 0.9951368415437188, "train_mse": 0.0004401175233882252, "train_mae": 0.012376521494811193, "test_rmse": 0.026031916685797383, "test_r2": 0.9932509845668742, "test_mse": 0.0006776606863362961, "test_mae": 0.015000065590626555}, "Decision_Tree": {"train_rmse": 0.02209516878231685, "train_r2": 0.9946055843473921, "train_mse": 0.00048819648351906895, "train_mae": 0.013114212895535384, "test_rmse": 0.02596310449140833, "test_r2": 0.9932866178055567, "test_mse": 0.0006740827948317874, "test_mae": 0.014104667212995234}, "Random_Forest": {"train_rmse": 0.012950297817677722, "train_r2": 0.9981468555556888, "train_mse": 0.00016771021356654838, "train_mae": 0.006183685737974082, "test_rmse": 0.023774627329822016, "test_r2": 0.9943706848075171, "test_mse": 0.0005652329046719199, "test_mae": 0.011470977128002659}, "XGBoost": {"train_rmse": 0.020480888074557693, "train_r2": 0.9953650257215443, "train_mse": 0.0004194667763225595, "train_mae": 0.011363396928679366, "test_rmse": 0.026004921686241262, "test_r2": 0.9932649747164141, "test_mse": 0.000676255951907541, "test_mae": 0.012809462012083005}, "SVR": {"train_rmse": 0.02109078743801881, "train_r2": 0.995084866147263, "train_mse": 0.0004448213147556919, "train_mae": 0.012498925801043139, "test_rmse": 0.02596011402689161, "test_r2": 0.9932881642288706, "test_mse": 0.0006739275202892145, "test_mae": 0.015099541663331564}, "KNN": {"train_rmse": 0.020133246720391008, "train_r2": 0.9955210378632465, "train_mse": 0.0004053476235041352, "train_mae": 0.010587005632627247, "test_rmse": 0.0605409310185207, "test_r2": 0.9634971880795624, "test_mse": 0.0036652043285892812, "test_mae": 0.046248587069849835}, "LSTM": {"train_rmse": 0.04012617443464345, "train_r2": 0.9822087987029067, "train_mse": 0.0016101098747594333, "train_mae": 0.025925332663410936, "test_rmse": 0.02847275626040065, "test_r2": 0.9919260296410041, "test_mse": 0.0008106978490641845, "test_mae": 0.014853271264976322}, "MLP": {"train_rmse": 0.045167107296128065, "train_r2": 0.9774579029846875, "train_mse": 0.002040067581499945, "train_mae": 0.03192518013141161, "test_rmse": 0.03042239278116045, "test_r2": 0.9907824634514796, "test_mse": 0.0009255219825312034, "test_mae": 0.019532469836346593}}, "voltage": {"Linear_Regression": {"train_rmse": 0.006253679488480856, "train_r2": 0.9986106151827626, "train_mse": 3.910850714464618e-05, "train_mae": 0.004529101466627412, "test_rmse": 0.008803391823732814, "test_r2": 0.9914938732663532, "test_mse": 7.749970760216574e-05, "test_mae": 0.006570907624000113}, "Decision_Tree": {"train_rmse": 0.0035161215775317304, "train_r2": 0.9995607830648862, "train_mse": 1.2363110947984224e-05, "train_mae": 0.0023478887673674415, "test_rmse": 0.11284467464857778, "test_r2": -0.39763549775466034, "test_mse": 0.012733920596543373, "test_mae": 0.07809732285543002}, "Random_Forest": {"train_rmse": 0.0030684853912501696, "train_r2": 0.9996654974518951, "train_mse": 9.415602596315707e-06, "train_mae": 0.0021151624836557247, "test_rmse": 0.11682827372852587, "test_r2": -0.4980548126387143, "test_mse": 0.013648845542387369, "test_mae": 0.08340242053594939}, "XGBoost": {"train_rmse": 0.001713130009360514, "train_r2": 0.9998957365824795, "train_mse": 2.934814428971555e-06, "train_mae": 0.0012811566951762986, "test_rmse": 0.11919202066120572, "test_r2": -0.5592873295448324, "test_mse": 0.014206737789301293,